-87.346,-93.029,-85.348,-91.196,-110.37,-113.14,-120.2,-93.383,-87.649,-77.766,-101.72,-97.681,-73.887,-73.695,-73.797,-73.735,-74.965,-74.925,-81.035,-93.836,-95.775,-90.169,-94.951,-Inf,-Inf,-80.025,-78.933,-74.916,-76.144,-74.496,-70.324,-72.383,-73.78,-101.12,-74.083,-84.666,-84.665,-90.366,-69.109,-95.452,-72.727,-82.672,-83.738,-89.822,-82.048,-70.843,-94.988,-71.716,-91.524,-79.415,-85.779,-65.061,-58.733,-61.689,-89.126,-68.934,-66.939,-57.579,-52.075,-62.886,-81.321,-66.232,-64.306,-63.746,-54.888,-50.982,-Inf,-59.106
-70.533,-90.068,-96.086,-90.751,-88.574,-116.51,-Inf,-Inf,-72.768,-73.646,-73.887,-96.432,-90.88,-90.449,-97.75,-98.116,-97.983,-98.136,-79.54,-73.934,-73.6,-74.098,-76.341,-75.783,-85.703,-87.14,-84.167,-79.657,-81.595,-79.426,-67.002,-77.719,-73.875,-70.885,-83.415,-90.22,-84.561,-96.899,-74.72,-72.712,-95.163,-72.666,-84.01,-82.745,-69.631,-88.972,-83.559,-89.661,-77.913,-75.159,-93.593,-65.746,-67.196,-58.009,-62.612,-59.83,-63.683,-58.182,-60.099,-52.804,-48.772,-60.738,-65.162,-53.222,-58.874,-Inf,-Inf,-Inf
-68.676,-73.375,-70.393,-90.824,-92.007,-85.886,-109.15,-Inf,-78.811,-79.427,-79.211,-100.42,-95.71,-74.198,-74.062,-72.751,-74.442,-87.307,-97.25,-94.553,-93.805,-95.902,-86.754,-75.004,-83.372,-86.214,-77.032,-76.239,-76.093,-75.775,-66.451,-71.067,-81.477,-72.191,-78.282,-96.722,-75.26,-71.086,-81.737,-95.297,-72.359,-74.942,-87.44,-82.165,-72.16,-84.117,-81.587,-82.122,-76.799,-73.801,-86.996,-65.961,-67.314,-80.48,-66.655,-55.204,-57.435,-58.356,-87.912,-78.621,-71.912,-Inf,-50.802,-56.426,-61.404,-68.726,-Inf,-Inf
-78.048,-70.737,-73.109,-70.766,-70.613,-85.347,-90.061,-90.166,-92.795,-99.371,-96.353,-75.861,-100.1,-78.498,-78.422,-78.317,-101.92,-93.302,-99.579,-90.573,-73.37,-72.772,-75.311,-77.858,-95.701,-90.992,-94.103,-95.015,-82.06,-92.699,-67.775,-75.78,-79.481,-82.919,-84.455,-85.078,-81.811,-71.928,-78.841,-77.579,-74.699,-71.495,-80.025,-67.543,-83.271,-75.708,-77.644,-82.945,-92.489,-77.675,-77.593,-66.264,-67.94,-93.603,-79.066,-71.257,-66.251,-78.967,-75.295,-85.108,-Inf,-Inf,-Inf,-54.978,-51.488,-46.611,-Inf,-44.023
-92.297,-93.981,-85.706,-83.502,-72.892,-69.979,-70.505,-71.563,-85.634,-91.567,-105.86,-108.74,-77.409,-111.72,-106.17,-106.71,-106.08,-95.068,-80.544,-78.511,-76.025,-77.992,-74.741,-86.334,-89.287,-98.992,-86.034,-82.016,-92.788,-72.261,-68.145,-76.628,-77.098,-71.952,-93.047,-86.376,-84.972,-77.235,-93.024,-72.332,-80.799,-81.085,-73.893,-72.046,-69.491,-71.292,-75.658,-92.953,-82.584,-Inf,-Inf,-Inf,-66.891,-65.547,-67.425,-72.162,-74.388,-57.634,-52.42,-105.21,-Inf,-Inf,-Inf,-Inf,-54.257,-51.238,-45.474,-43.263
-104.85,-84.11,-88.133,-102.96,-97.81,-85.564,-70.702,-69.135,-72.788,-70.018,-86.006,-99.152,-97.99,-95.753,-88.148,-95.819,-94.539,-93.328,-93.889,-86.474,-90.437,-85.078,-77.639,-89.082,-104.44,-77.252,-76.843,-76.734,-89.309,-70.567,-71.408,-85.425,-78.424,-74.948,-85.059,-92.602,-80.177,-88.439,-80.404,-79.695,-78.849,-86.586,-67.188,-79.259,-64.135,-78.524,-78.47,-77.147,-74.027,-70.729,-63.736,-89.278,-68.828,-77.434,-64.217,-58.492,-59.125,-53.102,-57.678,-61.581,-Inf,-47.521,-56.593,-50.835,-56.238,-53.682,-48.281,-51.791
-95.122,-82.506,-95.548,-97.044,-97.416,-98.826,-100.08,-89.417,-74.675,-69.384,-70.646,-69.574,-87.144,-96.054,-99.501,-95.24,-103.29,-109.6,-94.382,-90.013,-94.92,-89.334,-89.756,-97.38,-78.758,-82.087,-112.03,-97.914,-Inf,-68.337,-69.292,-73.986,-75.591,-75.8,-86.718,-80.993,-70.852,-77.741,-81.442,-86.251,-85.615,-74.077,-70.638,-83.971,-81.448,-71.425,-85.622,-87.066,-84.731,-68.82,-63.985,-73.583,-61.617,-61.378,-59.399,-67.212,-59.087,-60.012,-58.753,-55.225,-51.458,-52.606,-56.33,-55.667,-52.634,-48.32,-50.643,-43.059
-107.66,-81.361,-89.933,-98.499,-99.48,-105.35,-101.79,-100.47,-94.033,-83.273,-81.618,-71.153,-68.401,-72.02,-76.472,-99.315,-93.711,-88.802,-86.606,-100.91,-84.554,-76.603,-86.085,-94.59,-81.556,-108.51,-98.727,-104.13,-Inf,-Inf,-67.42,-64.545,-63.746,-60.91,-64.595,-69.795,-69.458,-72.337,-73.434,-75.492,-67.968,-64.126,-63.412,-63.696,-70.277,-68.137,-60.99,-59.751,-63.781,-66.556,-60.296,-59.883,-69.117,-86.102,-67.438,-59.713,-63.412,-66.204,-64.287,-65.501,-59.898,-Inf,-Inf,-51.088,-49.643,-45.704,-41.701,-38.863
-80.135,-79.859,-92.412,-95.391,-91.177,-103.17,-101.88,-101.01,-103.18,-101.05,-91.902,-82.007,-84.128,-71.527,-70.168,-70.331,-70.016,-98.846,-89.508,-85.933,-87.761,-82.105,-92.757,-81.652,-101.91,-Inf,-Inf,-Inf,-Inf,-Inf,-Inf,-71.175,-67.496,-67.639,-66.669,-62.909,-63.275,-66.885,-61.406,-63.169,-65.549,-59.163,-59.59,-64.191,-71.767,-76.523,-88.478,-62.308,-60.315,-66.197,-69.769,-65.841,-67.13,-72.091,-60.17,-55.154,-77.403,-67.665,-84.365,-Inf,-Inf,-Inf,-48.909,-42.377,-44.004,-43.125,-40.778,-39.113
-93.282,-92.922,-91.993,-90.882,-88.465,-90.906,-83.602,-80.919,-83.332,-89.405,-89.646,-89.308,-89.388,-83.827,-88.309,-76.726,-69.279,-69.499,-67.841,-84.367,-85.895,-84.91,-79.849,-Inf,-Inf,-Inf,-Inf,-Inf,-Inf,-67.108,-67.946,-74.239,-65.499,-66.282,-61.921,-70.952,-71.001,-71.534,-71.653,-71.703,-69.124,-69.953,-74.659,-87.759,-68.731,-67.918,-67.442,-62.325,-61.957,-82.98,-82.592,-67.517,-71.276,-70.226,-64.377,-82.458,-68.829,-78.566,-61.802,-Inf,-Inf,-Inf,-Inf,-40.885,-42.097,-40.915,-41.365,-40.284
-95.831,-96.226,-93.998,-91.202,-87.967,-95.775,-95.39,-95.294,-95.327,-94.469,-95.313,-90.257,-84.65,-88.672,-82.331,-79.089,-90.084,-82.964,-68.32,-69.213,-70.284,-86.368,-78.858,-Inf,-Inf,-Inf,-Inf,-54.99,-66.79,-62.52,-61.975,-73.509,-74.594,-77.303,-84.057,-78.256,-84.611,-84.55,-82.82,-65.683,-80.159,-79.778,-79.57,-69.984,-87.495,-75.056,-78.623,-67.672,-85.021,-81.727,-67.122,-68.053,-68.729,-70.156,-65.2,-63.419,-70.535,-75.247,-77.496,-74.782,-68.321,-70.896,-46.868,-45.008,-44.105,-40.14,-38.731,-39.486
-95.094,-95.168,-72.75,-93.687,-85.333,-80.699,-94.939,-94.321,-95.007,-94.783,-94.519,-91.627,-94.347,-94.552,-94.629,-86.339,-84.459,-78.129,-84.816,-84.945,-76.124,-68.415,-68.904,-69.973,-67.774,-61.551,-60.531,-59.133,-70.126,-65.146,-65.648,-67.112,-57.558,-60.495,-63.078,-75.491,-74.392,-70.539,-80.154,-81.395,-79.411,-74.745,-84.267,-66.921,-68.478,-63.393,-69.124,-67.28,-83.102,-75.77,-99.051,-Inf,-69.451,-60.215,-68.43,-60.591,-67.923,-73.482,-77.961,-69.63,-64.181,-46.139,-46.259,-45.264,-44.589,-43.721,-56.132,-Inf
-103.64,-97.895,-68.434,-95.043,-78.237,-98.784,-110.5,-108.5,-Inf,-112.02,-111.28,-106.68,-111.03,-105.68,-Inf,-Inf,-84.873,-76.35,-76.407,-79.107,-84.108,-88.1,-66.311,-66.088,-66.193,-65.111,-60.597,-71.205,-79.735,-74.672,-71.118,-68.565,-63.557,-70.098,-59.371,-62.285,-61.949,-63.39,-62.688,-74.534,-85.445,-81.743,-72.579,-85.156,-81.318,-65.988,-69.327,-85.129,-69.169,-Inf,-Inf,-Inf,-56.965,-61.196,-66.974,-61.593,-63.3,-79.95,-66.64,-47.626,-47.554,-45.799,-46.357,-45.434,-44.895,-44.247,-66.052,-Inf
-92.155,-81.421,-66.496,-89.158,-79.665,-103.64,-112.68,-108.43,-Inf,-114.93,-113.86,-117.6,-105.08,-123.72,-132.28,-Inf,-Inf,-75.56,-85.417,-76.194,-79.673,-74.365,-73.619,-66.841,-65.902,-60.387,-59.2,-66.004,-65.004,-70.081,-65.611,-66.602,-73.986,-67.069,-70.295,-68.56,-66.589,-63.61,-64.564,-64.395,-63.594,-63.512,-74.363,-66.906,-66.114,-69.632,-87.106,-89.137,-Inf,-Inf,-Inf,-Inf,-Inf,-69.967,-67.111,-65.423,-66.62,-65.963,-47.948,-47.237,-48.836,-46.282,-46.396,-45.978,-45.224,-50.609,-Inf,-Inf
-86.556,-79.978,-65.59,-88.225,-97.953,-103.44,-102.59,-94.52,-102.2,-Inf,-122.1,-116.01,-Inf,-Inf,-Inf,-Inf,-Inf,-82.204,-86.445,-66.475,-92.202,-88.535,-72.913,-65.603,-65.41,-58.731,-72.6,-79.261,-68.918,-68.395,-67.071,-70.589,-66.545,-68.967,-90.396,-71.393,-71.102,-65.076,-69.557,-67.227,-65.382,-65.582,-64.702,-64.025,-64.999,-63.131,-71.475,-78.122,-70.868,-75.529,-Inf,-Inf,-Inf,-60.621,-61.883,-69.369,-50.014,-49.855,-47.661,-47.156,-45.324,-48.029,-45.841,-46.478,-50.539,-60.207,-67.504,-61.747
-88.087,-85.134,-71.162,-80.175,-96.265,-82.339,-96.871,-92.666,-Inf,-Inf,-Inf,-Inf,-Inf,-Inf,-64.03,-58.903,-59.656,-67.88,-67.984,-90.461,-97.538,-72.105,-66.708,-66.631,-61.268,-59.272,-71.857,-75.79,-83.241,-82.176,-67.272,-67.827,-66.409,-65.353,-67.322,-65.585,-72.171,-74.684,-72.03,-77.189,-72.564,-68.621,-67.426,-67.162,-64.943,-65.777,-64.271,-64.592,-63.097,-58.59,-Inf,-65.739,-64.174,-66.853,-61.563,-49.946,-48.303,-47.842,-47.059,-46.926,-46.609,-47.098,-47.624,-47.338,-50.965,-65.345,-61.747,-65.484
-85.283,-85.164,-69.154,-69.523,-69.147,-69.933,-71.685,-72.331,-89.174,-Inf,-Inf,-92.287,-81.715,-64.953,-64.013,-58.465,-67.017,-76.663,-63.377,-64.156,-70.693,-74.312,-70.441,-63.535,-59.024,-75.051,-80.965,-78.403,-86.575,-84.651,-89.252,-80.907,-68.484,-66.359,-66.436,-67.172,-64.901,-65.669,-82.8,-72.089,-72.281,-74.138,-67.356,-72.327,-65.288,-67.294,-65.103,-65.428,-65.17,-63.01,-64.43,-61.341,-62.085,-52.581,-48.68,-50.376,-53.019,-50.011,-47.512,-45.3,-46.485,-46.356,-46.213,-52.415,-52.904,-64.089,-66.303,-59.94
-63.078,-72.701,-77.722,-57.88,-95.66,-91.573,-79.326,-69.421,-89.918,-Inf,-Inf,-80.329,-78.174,-66.918,-61.53,-61.258,-78.289,-84.798,-Inf,-Inf,-61.701,-63.098,-63.794,-60.43,-58.364,-71.825,-Inf,-Inf,-84.451,-82.001,-73.261,-82.928,-65.861,-81.192,-73.373,-66.19,-67.757,-66.422,-75.418,-67.447,-72.426,-79.24,-69.871,-70.276,-65.644,-65.265,-64.951,-70.459,-64.06,-60.536,-57.686,-52.012,-Inf,-48.686,-54.002,-49.018,-48.222,-52.151,-47.458,-47.348,-46.687,-48.279,-50.104,-67.174,-54.763,-64.546,-70.557,-67.85
-69.986,-86.273,-91.333,-58.245,-95.01,-88.11,-66.731,-86.434,-84.842,-86.675,-88.509,-77.961,-68.969,-69.992,-56.86,-72.631,-85.382,-86.432,-84.184,-Inf,-92.684,-79.892,-62.417,-54.835,-74.356,-75.715,-84.191,-Inf,-Inf,-74.225,-76.816,-77.248,-73.523,-81.498,-79.842,-75.517,-75.689,-68.291,-65.421,-65.815,-69.562,-68.799,-64.991,-65.614,-65.306,-64.184,-57.187,-58.221,-60.3,-59.666,-60.714,-59.1,-50.43,-55.283,-48.429,-52.35,-49.384,-47.446,-49.988,-48.242,-46.77,-49.738,-55.646,-56.044,-55.006,-67.791,-67.245,-67.441
-77.058,-85.777,-81.551,-61.706,-90.772,-65.967,-65.054,-94.298,-87.667,-86.647,-78.281,-77.117,-69.741,-62.412,-57.367,-82.201,-81.681,-84.971,-73.358,-75.43,-69.929,-63.821,-59.315,-56.874,-66.827,-62.378,-73.839,-81.145,-Inf,-84.512,-70.103,-75.442,-81.214,-84.324,-66.387,-89.375,-88.297,-87.406,-80.766,-82.582,-61.302,-59.21,-64.423,-64.495,-62.245,-59.901,-59.43,-59.005,-59.807,-59.474,-56.918,-49.58,-56.075,-49.36,-55.115,-48.481,-51.649,-49.745,-48.658,-51.872,-46.87,-55.717,-55.447,-55.057,-52.705,-68.407,-67.306,-69.459
-81.914,-83.318,-82.804,-66.545,-86.909,-64.199,-94.317,-87.788,-89.322,-75.392,-86.788,-64.893,-74.204,-60.067,-66.219,-82.95,-80.015,-76.373,-71.463,-85.323,-74.273,-62.159,-57.198,-71.925,-73.568,-74.881,-73.307,-62.126,-71.958,-79.752,-78.689,-66.871,-85.383,-78.264,-76.945,-62.087,-59.533,-63.989,-63.444,-65.804,-64.629,-61.122,-59.585,-54.998,-60.513,-59.022,-59.753,-59.846,-59.541,-59.846,-53.886,-52.08,-50.432,-53.947,-49.133,-53.853,-47.613,-52.789,-48.204,-51.697,-48.187,-63.77,-61.23,-51.734,-62.19,-67.354,-62.491,-70.559
-69.975,-85.409,-83.953,-70.704,-64.163,-63.108,-82.427,-87.968,-75.157,-73.371,-68.909,-63.07,-74.085,-56.487,-80.101,-82.498,-74.616,-77.962,-85.114,-82.433,-60.594,-58.855,-70.949,-82.293,-74.013,-70.059,-74.038,-80.541,-72.591,-62.08,-70.797,-69.407,-Inf,-Inf,-94.256,-78.372,-62.889,-64.368,-59.29,-58.756,-58.745,-62.385,-58.142,-58.805,-59.181,-59.04,-62.627,-63.107,-55.242,-56.574,-50.002,-55.872,-50.809,-51.076,-54.102,-49.021,-49.08,-47.563,-53.668,-47.018,-61.49,-61.291,-61.048,-53.324,-64.045,-73.238,-67.542,-64.099
-79.58,-79.751,-81.392,-69.56,-62.655,-75.203,-76.32,-79.857,-88.978,-73.608,-63.783,-61.184,-61.83,-54.065,-80.561,-85.523,-81.21,-68.643,-83.625,-71.942,-63.46,-57.633,-71.427,-78.954,-74.397,-91.053,-68.657,-87.544,-76.942,-87.213,-78.023,-Inf,-Inf,-Inf,-60.919,-68.162,-58.437,-57.554,-57.761,-58.089,-59.53,-57.989,-57.128,-59.022,-60.685,-61.506,-62.8,-55.243,-54.898,-55.433,-53.213,-49.292,-54.192,-53.376,-50.843,-50.901,-46.75,-52.74,-48.822,-51.91,-57.371,-55.468,-58.781,-57.387,-58.647,-56.684,-60.052,-61.474
-82.686,-89.948,-87.589,-65.221,-61.927,-82.563,-77.899,-72.325,-66.433,-82.604,-62.257,-63.195,-59.259,-70.11,-84.708,-87.085,-83.096,-85.724,-78.935,-60.729,-58.277,-71.093,-83.871,-Inf,-73.172,-82.555,-85.291,-Inf,-89.998,-119.59,-74.258,-65.206,-62.303,-55.835,-54.709,-56.732,-57.245,-57.51,-59.303,-59.792,-56.567,-57.201,-57.398,-58.334,-60.029,-60.668,-56.355,-56.256,-54.991,-54.678,-57.685,-55.558,-51.311,-53.724,-50.322,-47.924,-55.975,-48.438,-49.685,-57.256,-68.726,-59.119,-51.506,-51.379,-58.305,-68.653,-68.492,-64.924
-92.793,-91.771,-91.484,-67.756,-56.628,-73.604,-70.99,-76.294,-59.536,-66.485,-58.706,-59.074,-55.328,-78.666,-89.485,-82.543,-87.11,-74.763,-80.949,-62.22,-50.069,-Inf,-Inf,-Inf,-Inf,-74.15,-72.422,-Inf,-114.61,-Inf,-62.495,-55.341,-56.872,-56.359,-56.494,-56.582,-58.524,-61.48,-54.933,-56.764,-56.947,-56.042,-56.577,-79.456,-57.947,-55.414,-55.253,-54.537,-53.965,-53.589,-51.761,-54.932,-56.654,-48.097,-51.815,-50.993,-50.076,-51.427,-59.006,-55.933,-55.887,-55.895,-56.669,-60.901,-68.237,-62.522,-61.199,-67.843
-85.169,-83.572,-65.412,-79.484,-59.021,-71.918,-62.629,-69.427,-57.428,-68.795,-53.128,-60.107,-54.105,-79.45,-59.206,-59.171,-57.935,-60.237,-56.474,-54.14,-58.064,-58.116,-Inf,-Inf,-Inf,-83.734,-79.613,-58.599,-55.272,-55.452,-56.212,-55.417,-55.826,-56.368,-55.143,-57.765,-55.904,-56.759,-59.598,-64.781,-66.671,-64.264,-74.337,-55.167,-53.183,-59.227,-Inf,-Inf,-54.103,-54.768,-51.244,-50.544,-56.195,-53.409,-45.454,-52.099,-55.737,-47.904,-56.269,-55.698,-61.263,-63.532,-53.586,-69.663,-74.736,-73.188,-68.493,-65.982
-59.171,-58.84,-65.561,-78.651,-64.824,-74.221,-61.931,-64.83,-57.83,-59.322,-53.94,-56.423,-60.228,-59.842,-61.559,-60.059,-71.011,-77.755,-60.755,-54.83,-54.945,-79.314,-83.842,-68.084,-Inf,-58.299,-54.559,-54.302,-55.289,-55.388,-55.133,-55.495,-55.819,-57.973,-57.056,-65.883,-73.877,-77.045,-70.454,-74.627,-73.015,-66.859,-57.094,-58.088,-57.842,-63.528,-57.071,-Inf,-Inf,-55.87,-56.218,-52.56,-50.265,-50.427,-55.443,-46.41,-46.595,-57.98,-Inf,-Inf,-Inf,-Inf,-61.886,-70.152,-63.338,-64.815,-64.05,-59.991
-74.815,-62.873,-56.93,-58.603,-62.734,-56.978,-58.287,-57.807,-57.886,-52.58,-53.823,-53.381,-69.495,-72.95,-69.847,-62.05,-65.538,-67.57,-56.659,-56.108,-70.556,-62.335,-58.493,-52.822,-53.517,-53.841,-53.7,-54.034,-54.656,-54.679,-55.823,-50.678,-63.99,-76.78,-66.482,-66.377,-63.246,-66.951,-67.193,-64.734,-56.014,-56.782,-56.285,-56.457,-55.755,-58.716,-55.507,-62.514,-54.023,-54.868,-48.431,-53.035,-45.469,-47.534,-50.569,-54.762,-58.23,-62.89,-Inf,-81.066,-86.878,-54.027,-54.106,-68.548,-72.289,-68.067,-67.721,-Inf
-Inf,-Inf,-77.521,-70.085,-55.89,-Inf,-Inf,-57.203,-57.012,-52.43,-57.617,-59.845,-63.262,-50.151,-50.48,-49.169,-62.562,-61.756,-56.845,-61.425,-60.332,-49.83,-51.789,-52.854,-53.098,-53.485,-53.887,-53.308,-54.002,-54.227,-56.7,-Inf,-Inf,-63.987,-62.13,-64.769,-56.937,-56.513,-56.789,-56.572,-57.665,-55.269,-52.992,-55.976,-57.615,-59.424,-55.165,-58.76,-54.796,-52.008,-48.729,-Inf,-48.668,-55.414,-54.002,-50.19,-66.861,-81.182,-57.418,-91.913,-88.784,-62.057,-63.118,-70.881,-67.846,-73.009,-70.759,-Inf
-63.249,-65.93,-73.284,-80.822,-79.277,-55.485,-54.722,-55.147,-56.54,-49.314,-55.034,-48.842,-48.659,-49.128,-49.19,-48.618,-49.409,-61.723,-50.914,-51.483,-51.639,-51.48,-50.518,-50.372,-54.273,-53.539,-53.508,-53.332,-53.772,-52.917,-51.423,-54.101,-55.013,-51.346,-53.731,-56.575,-56.583,-56.179,-59.869,-55.548,-57.425,-58.509,-56.406,-54.49,-57.979,-60.871,-57.144,-57.933,-56.422,-Inf,-Inf,-Inf,-89.161,-54.839,-58.041,-55.519,-60.281,-84.867,-81.602,-89.874,-73.01,-55.251,-57.747,-71.637,-71.49,-79.082,-69.631,-67.206
-89.466,-70.037,-64.532,-67.461,-71.286,-53.302,-74.424,-54.943,-51.599,-46.719,-46.017,-49.209,-47.448,-47.766,-46.981,-47.474,-47.786,-48.103,-50.146,-50.487,-50.971,-51.453,-51.74,-51.672,-53.103,-53.372,-53.044,-53.542,-53.625,-53.829,-57.689,-53.13,-57.409,-56.7,-55.617,-56.73,-55.243,-57.136,-55.903,-55.073,-58.056,-56.238,-53.789,-57.466,-59.979,-57.91,-56.181,-57.21,-54.436,-58.379,-75.521,-Inf,-51.33,-50.11,-51.677,-57.72,-57.698,-60.215,-61.576,-63.292,-64.288,-56.299,-58.91,-59.03,-60.593,-62.442,-64.723,-64.1
-65.34,-85.39,-65.837,-100.56,-72.991,-56.409,-70.63,-47.424,-45.377,-44.621,-45.833,-45.938,-48.286,-49.489,-47.595,-48.534,-48.987,-49.071,-49.8,-50.258,-50.674,-50.988,-51.003,-52.084,-52.287,-52.146,-52.804,-52.849,-51.851,-57.786,-54.517,-55.353,-54.143,-54.081,-55.733,-55.546,-56.28,-56.803,-55.031,-57.796,-57.615,-55.648,-56.672,-58.705,-57.006,-55.637,-56.835,-56.078,-56.521,-61.26,-63.018,-61.305,-59.307,-52.364,-56.34,-56.912,-57.772,-59.018,-61.168,-64.221,-57.288,-58.58,-58.674,-59.144,-60.412,-61.72,-63.426,-62.189
-79.971,-135.37,-115.59,-126.56,-100,-64.338,-45.339,-42.725,-42.072,-43.506,-44.322,-44.363,-43.961,-43.057,-47.146,-48.041,-48.578,-48.735,-49.335,-49.871,-50.44,-50.315,-50.728,-51.191,-51.873,-51.982,-53.056,-53.052,-52.51,-52.28,-54.969,-54.515,-53.773,-55.597,-55.074,-55.334,-56.975,-54.666,-56.815,-58.165,-55.383,-54.671,-56.498,-60.909,-55.673,-55.224,-56.236,-56.473,-56.285,-60.654,-56.977,-52.066,-54.252,-57.606,-56.732,-57.229,-57.714,-59.048,-60.972,-64.712,-57.159,-58.377,-58.387,-58.609,-60.246,-63.919,-63.753,-64.212
-113.72,-118.97,-30.606,-32.44,-63.044,-40.84,-39.3,-39.725,-40.846,-41.207,-43.225,-43.702,-44.493,-45.584,-46.675,-47.383,-48.102,-48.378,-48.809,-49.407,-49.593,-50.556,-51.256,-51.426,-51.746,-52.293,-52.331,-51.691,-52.127,-54.825,-53.309,-54.898,-54.156,-55.992,-54.076,-56.014,-56.05,-54.928,-56.692,-56.424,-55.684,-55.398,-56.446,-55.743,-56.62,-57.502,-57.142,-53.541,-57.696,-59.078,-54.843,-52.075,-49.155,-58.128,-57.254,-57.845,-58.332,-59.981,-61.033,-62.2,-56.962,-58.625,-58.257,-57.922,-59.43,-61.361,-63.779,-66.708
-75.871,-36.675,-32.26,-39.191,-35.871,-34.718,-36.663,-38.232,-39.276,-41.549,-42.897,-43.175,-44.605,-45.663,-46.676,-47.451,-47.304,-47.972,-48.69,-49.286,-49.728,-50.516,-51.659,-50.708,-52.439,-51.591,-52.25,-52.217,-53.564,-53.792,-52.17,-55.275,-54.592,-55.079,-55.257,-54.599,-58.306,-53.984,-55.125,-56.745,-56.017,-54.652,-54.832,-57.775,-58.433,-56.763,-55.814,-60.847,-59.125,-55.071,-59.811,-60.985,-58.236,-59.098,-57.946,-57.53,-57.789,-58.264,-57.702,-60.757,-60.889,-59.179,-62.22,-59.721,-61.319,-62.761,-64.861,-65.204
-59.422,-43.679,-48.987,-48.08,-31.958,-33.682,-36.117,-38.192,-39.957,-41.226,-42.25,-43.692,-44.419,-45.421,-46.047,-47.537,-47.005,-47.296,-48.451,-49.289,-50.369,-50.718,-51.468,-52.692,-51.299,-52.976,-53.444,-53.322,-53.249,-52.238,-53.155,-55.591,-54.516,-54.722,-55.909,-54.124,-58.488,-53.593,-54.109,-55.796,-56.22,-55.585,-57.181,-58.182,-58.297,-57.381,-55.128,-55.508,-57.727,-54.802,-58.77,-57.364,-60.817,-59.293,-59.662,-56.975,-57.506,-59.516,-59.031,-60.752,-62.462,-65.395,-65.43,-60.502,-61.244,-62.844,-64.674,-65.385
-40.202,-35.31,-31.906,-47.008,-50.317,-37.154,-37.304,-39.174,-38.498,-41.645,-42.824,-43.74,-44.943,-45.474,-46.801,-47.154,-47.827,-48.412,-49.062,-49.195,-50.106,-51.177,-50.699,-51.208,-52.373,-51.864,-51.458,-53.162,-52.852,-53.041,-54.876,-54.328,-54.465,-55.145,-55.672,-54.662,-56.679,-54.649,-55.898,-57.761,-58.3,-54.773,-54.923,-58.415,-60.14,-57.736,-53.32,-56.239,-55.079,-53.736,-52.441,-59.104,-59.101,-57.294,-57.243,-57.613,-58.725,-61.11,-59.003,-58.469,-59.385,-66.008,-60.781,-63.846,-61.129,-63.307,-64.963,-66.023
-38.055,-35.539,-34.509,-37.917,-55.104,-58.539,-40.47,-40.345,-41.916,-42.316,-43.352,-44.322,-45.418,-46.137,-47.426,-47.484,-48.325,-48.532,-49.082,-49.909,-49.128,-50.042,-50.378,-51.723,-51.016,-52.557,-50.872,-52.636,-53.059,-54.138,-55.159,-53.699,-55.085,-54.792,-55.949,-54.739,-55.682,-52.966,-55.032,-57.397,-57.202,-55.095,-55.426,-57.873,-60.117,-56.046,-56.289,-56.525,-56.34,-53.781,-60.826,-62.247,-58.896,-57.942,-57.707,-59.159,-Inf,-96.07,-71.762,-59.015,-59.315,-77.434,-86.275,-79.771,-83.701,-70.117,-74.525,-74.115
-38.714,-37.334,-37.121,-39.668,-55.184,-53.387,-Inf,-Inf,-Inf,-50.788,-51.192,-45.355,-46.176,-46.774,-47.232,-48.015,-47.871,-49.188,-49.364,-50.235,-50.691,-50.267,-51.368,-51.502,-52.733,-51.415,-53.417,-53.612,-53.917,-54.65,-54.275,-53.417,-55.84,-54.46,-56.188,-54.648,-58.022,-57.147,-55.265,-56.197,-58.206,-56.008,-55.052,-57.676,-56.804,-56.106,-55.096,-55.213,-54.516,-59.949,-59.934,-61.544,-59.498,-58.253,-57.213,-Inf,-Inf,-Inf,-76.517,-61.009,-61.079,-80.398,-87.636,-78.114,-89.301,-70.496,-73.389,-77.192
-39.848,-39.145,-39.361,-41.428,-54.868,-51.664,-Inf,-65.533,-63.592,-60.923,-60.931,-53.661,-56.039,-47.489,-47.674,-48.195,-48.738,-49.189,-49.304,-49.824,-50.078,-50.835,-51.586,-50.682,-51.015,-51.517,-52.58,-53.867,-54.411,-54.31,-53.834,-54.307,-55.669,-54.441,-56.036,-53.115,-57.415,-57.49,-55.186,-56.501,-57.69,-56.84,-54.312,-57.257,-58.834,-57.405,-54.526,-55.177,-57.396,-59.639,-61.866,-61.41,-59.47,-58.164,-54.781,-55.705,-58.176,-59.287,-67.415,-62.476,-64.154,-77.12,-78.269,-75.252,-77.977,-76.283,-77.221,-72.714
-41.088,-40.788,-41.212,-42.948,-49.383,-56.709,-55.682,-71.046,-Inf,-Inf,-62.893,-65.624,-53.847,-54.188,-60.585,-49.561,-49.205,-49.082,-48.92,-52.508,-50.298,-50.019,-51.765,-54.095,-55.526,-52.038,-52.265,-52.749,-53.357,-53.808,-54.07,-55.164,-55.271,-54.362,-56.322,-54.954,-55.708,-57.867,-55.498,-55.564,-57.35,-56.732,-55.389,-56.577,-59.725,-54.906,-55.38,-55.052,-57.158,-59.238,-61.588,-61.643,-59.672,-58.31,-56.559,-55.699,-58.643,-59.946,-62.033,-61.91,-63.976,-63.24,-62.158,-61.02,-60.258,-59.866,-59.952,-62.969
-42.347,-42.251,-42.816,-44.234,-48.526,-58.721,-58.207,-70.074,-57.1,-56.79,-56.382,-69.434,-72.805,-54.708,-58.024,-55.389,-74.32,-51.15,-51.331,-50.998,-52.04,-54.159,-56.837,-58.649,-61.536,-60.665,-60.311,-61.246,-59.53,-54.831,-55.346,-55.616,-54.735,-54.973,-Inf,-Inf,-54.553,-53.234,-60.812,-54.98,-58.665,-56.917,-56.709,-56.747,-58.99,-56.054,-52.858,-53.579,-57.233,-59.135,-61.85,-61.752,-59.91,-58.218,-60.078,-57.642,-58.553,-59.798,-61.44,-61.34,-63.56,-62.742,-61.597,-60.84,-60.94,-59.834,-59.695,-60.514
-43.49,-43.521,-44.101,-45.533,-48.565,-57.475,-55.813,-58.317,-53.432,-Inf,-66.125,-Inf,-76.86,-64.604,-55.213,-57.38,-61.686,-57.919,-66.448,-61.13,-50.466,-52.928,-58.845,-59.681,-61.483,-61.09,-68.192,-68.215,-61.415,-60.942,-62.799,-63.786,-61.74,-55.506,-58.445,-Inf,-79.789,-81.183,-61.979,-59.819,-70.362,-86.562,-66.082,-68.119,-59.717,-57.269,-57.88,-56.885,-57.328,-58.37,-60.688,-61.833,-61.262,-60.397,-57.124,-57.517,-58.505,-59.976,-59.514,-61.877,-63.898,-62.328,-62.265,-61.276,-60.301,-59.161,-60.074,-59.281
-44.589,-44.738,-45.287,-46.387,-48.735,-57.442,-55.454,-56.654,-64.687,-68.004,-63.229,-60.267,-58.44,-57.971,-68.518,-55.991,-56.454,-61.89,-58.28,-60.26,-63.347,-62.835,-55.241,-61.771,-60.28,-69.315,-67.9,-66.775,-72.062,-66.5,-63.081,-61.906,-65.828,-68.965,-65.041,-71.356,-67.809,-63.046,-63.028,-80.848,-87.734,-78.648,-63.845,-60.551,-59.37,-62.681,-69.493,-77.524,-70.612,-79.271,-70.515,-60.422,-62.045,-60.984,-59.145,-57.718,-58.132,-58.908,-59.36,-61.781,-64.082,-65.277,-63.708,-61.1,-60.269,-60.175,-59.701,-60.156
-45.516,-45.822,-46.388,-47.507,-49.482,-54.64,-59.437,-61.127,-60.641,-68.618,-70.01,-62.71,-64.965,-70.337,-64.632,-69.379,-59.7,-58.412,-60.818,-63.17,-58.498,-62.593,-62.406,-62.847,-64.052,-68.317,-69.24,-70.153,-67.724,-66.958,-62.532,-63.214,-62.353,-65.118,-61.055,-68.635,-80.132,-64.843,-65.003,-67.818,-65.755,-62.616,-60.851,-56.852,-59.508,-59.784,-79.663,-76.117,-68.725,-76.48,-83.734,-84.635,-77.554,-70.071,-73.01,-70.71,-66.859,-58.856,-59.782,-61.67,-64.417,-65.25,-64.832,-62.912,-60.794,-59.695,-58.941,-58.748
-46.479,-46.784,-47.322,-48.325,-50.11,-53.769,-60.486,-60.459,-60.169,-76.02,-74.175,-76.814,-80.844,-65.924,-72.547,-69.262,-60.291,-63.903,-57.494,-59.497,-60.863,-61.722,-60.507,-66.426,-65.219,-69.679,-69.115,-73.389,-71.384,-65.328,-65.77,-67.38,-67.919,-61.237,-60.276,-63.166,-62.723,-63.849,-69.452,-78.568,-80.914,-62.477,-58.758,-59.881,-56.651,-69.685,-75.548,-72.496,-69.72,-68.382,-81.5,-76.916,-71.337,-71.067,-66.503,-83.573,-69.399,-62.837,-62.375,-62.478,-66.358,-73.974,-70.798,-62.684,-60.947,-59.864,-59.085,-59.042
-47.375,-47.582,-48.166,-49.208,-50.376,-52.986,-61.39,-59.404,-59.333,-62.815,-79.26,-80.982,-63.707,-71.744,-66.71,-63.516,-63.625,-63.763,-62.819,-58.358,-59.39,-63.68,-64.204,-59.968,-60.697,-62.409,-67.008,-62.279,-66.907,-66.1,-66.493,-67.295,-68.549,-60.277,-61.96,-63.51,-61.754,-62.359,-64.694,-70.825,-65.135,-57.488,-54.711,-55.67,-58.956,-83.091,-71.909,-74.041,-70.374,-67.836,-67.768,-77.164,-66.208,-69.231,-68.914,-82.19,-75.52,-66.181,-63.74,-68.145,-64.047,-64.374,-65.225,-64.885,-83.454,-77.008,-71.308,-68.191
-48.138,-48.399,-48.901,-49.856,-50.905,-52.689,-60.369,-59.858,-61.866,-62.082,-75.072,-69.272,-63.317,-65.651,-64.941,-65.437,-65.175,-65.023,-62.018,-65.546,-57.084,-59.789,-62.555,-65.61,-67.152,-60.614,-61.469,-64.092,-64.129,-65.8,-70.183,-61.995,-61.139,-62.029,-61.065,-68.234,-61.874,-60.443,-63.001,-64.27,-56.986,-59.042,-60.748,-54.737,-70.601,-73.509,-70.888,-68.99,-68.632,-73.058,-75.169,-75.107,-64.981,-68.28,-76.026,-77.106,-63.777,-67.603,-66.352,-73.269,-71.022,-64.322,-64.558,-71.737,-69.663,-Inf,-Inf,-93.237
-48.823,-49.198,-49.614,-50.48,-51.733,-53.582,-57.395,-62.394,-59.258,-60.789,-60.515,-61.087,-67.945,-67.524,-66.926,-66.465,-65.822,-65.639,-63.272,-62.631,-72.101,-59.463,-59.818,-62.021,-65.939,-70.517,-60.743,-61.666,-64.093,-75.693,-83.216,-72.846,-62.113,-65.391,-60.204,-64.376,-62.687,-61.308,-62.419,-59.183,-52.798,-59.533,-55.074,-58.728,-67.137,-72.489,-77.513,-79.706,-79.794,-73.562,-66.134,-73.091,-65.119,-64.893,-77.879,-78.939,-63.561,-62.885,-66.335,-79.451,-73.397,-74.102,-65.368,-Inf,-Inf,-Inf,-111.65,-85.138
-49.449,-49.82,-50.321,-51.017,-52.169,-53.956,-57.248,-60.668,-59.048,-61.026,-59.908,-67.754,-67.916,-59.755,-66.662,-66.267,-66.138,-69.538,-63.301,-67.694,-70.397,-77.901,-57.956,-59.609,-61.11,-64.492,-68.002,-69.394,-61.232,-62.935,-69.583,-78.334,-73.881,-65.994,-62.089,-63.631,-71.634,-77.489,-71.895,-60.752,-Inf,-Inf,-Inf,-71.269,-69.542,-72.891,-71.762,-76.137,-84.313,-80.762,-86.227,-84.059,-69.91,-70.436,-83.49,-78.101,-64.297,-64.31,-64.059,-71.108,-72.351,-63.234,-78.194,-76.979,-79.103,-90.707,-91.901,-67.617
-50.129,-50.475,-50.458,-50.882,-52.489,-53.985,-56.951,-60.06,-56.883,-63.093,-62.354,-59.714,-65.2,-57.716,-64.425,-66.98,-70.817,-70.85,-65.978,-72.579,-78.415,-77.587,-77.333,-63.599,-60.068,-61.126,-64.298,-71.036,-71.503,-64.594,-63.071,-63.273,-76.724,-64.14,-64.1,-76.339,-71.462,-74.918,-63.595,-62.601,-65.918,-71.516,-68.002,-66.246,-70.096,-80.171,-70.585,-71.475,-81.064,-86.366,-91.064,-70.891,-74.056,-65.98,-84.872,-75.451,-62.143,-61.359,-63.292,-77.891,-74.217,-75.524,-83.728,-78.375,-75.66,-65.733,-84.213,-61.819
-50.65,-50.926,-51.557,-51.892,-53.095,-54.553,-56.774,-57.789,-64.707,-64.014,-62.032,-60.996,-59.167,-56.273,-55.529,-67.424,-64.686,-63.568,-68.236,-73.966,-81.962,-77.351,-80.255,-74.653,-69.832,-60.405,-61.85,-62.672,-61.04,-68.437,-67.471,-60.547,-63.094,-62.324,-62.933,-69.248,-73.655,-67.5,-58.195,-76.616,-76.114,-65.216,-70.929,-75.061,-84.303,-66.93,-80.283,-84.359,-72.763,-80.682,-79.165,-76.079,-74.16,-74.681,-79.911,-61.21,-61.919,-61.961,-67.132,-84.127,-80.581,-79.034,-81.397,-81.331,-78.243,-81.41,-81.024,-60.195
-51.231,-51.669,-52.105,-52.755,-51.924,-54.789,-56.709,-55.745,-63.57,-62.076,-57.552,-64.501,-62.236,-57.948,-56.506,-69.851,-71.796,-66.375,-78.224,-79.029,-80.449,-79.212,-76.259,-73.804,-68.527,-73.547,-60.705,-61.721,-62.929,-66.875,-65.653,-71.096,-63.841,-61.694,-65.483,-70.998,-64.867,-60.821,-62.509,-78.782,-77.056,-76.046,-74.996,-68.496,-77.34,-75.36,-67.991,-66.355,-79.176,-75.458,-68.378,-71.683,-79.827,-73.12,-78.336,-61.479,-63.119,-63.474,-75.445,-71.292,-74.313,-68.543,-71.531,-68.945,-66.109,-68.306,-87.43,-60.633
-51.536,-51.947,-52.495,-53.169,-53.913,-55.025,-56.707,-54.587,-60.319,-64.23,-61.77,-61.223,-66.929,-Inf,-Inf,-72.552,-64.768,-60.085,-75.037,-77.715,-79.368,-77.876,-74.562,-66.469,-78.459,-80.492,-77.593,-61.216,-61.521,-63.169,-62.178,-67.581,-62.95,-66.746,-66.683,-65.402,-61.32,-62.882,-75.493,-77.224,-75.672,-64.975,-73.755,-79.062,-67.734,-75.498,-76.272,-73.828,-70.284,-73.444,-79.684,-72.778,-71.922,-85.772,-77.741,-63.199,-61.691,-62.87,-68.223,-68.307,-69.549,-70.518,-79.137,-73.113,-78.675,-80.809,-76.148,-60.795
-52.245,-52.539,-52.992,-53.699,-54.432,-55.428,-56.866,-59.475,-56.624,-60.631,-63.551,-Inf,-Inf,-Inf,-Inf,-61.847,-55.113,-57.456,-80.811,-84.121,-79.43,-75.8,-67.557,-68.555,-70.388,-85.393,-81.964,-76.796,-60.322,-62.217,-63.599,-63.227,-61.192,-64.866,-69.782,-60.739,-61.082,-63.851,-65.243,-80.664,-78.365,-70.073,-72.484,-80.292,-71.707,-70.244,-65.724,-81.077,-86.289,-76.358,-66.021,-73.298,-63.083,-66.344,-66.101,-62.17,-62.399,-63.206,-73.499,-78.976,-80.732,-76.773,-83.976,-81.156,-86.166,-81.933,-75.212,-63.104
-52.838,-52.947,-53.578,-53.983,-54.433,-55.815,-56.938,-59.049,-58.684,-58.728,-61.503,-Inf,-Inf,-87.01,-80.406,-64.827,-67.154,-82.942,-63.361,-58.447,-76.048,-68.581,-67.757,-82.006,-78.056,-75.678,-89.052,-84.763,-79.541,-60.273,-61.906,-62.679,-60.617,-64.188,-67.084,-56.405,-63.523,-67.826,-65.643,-64.998,-65.127,-68.383,-68.343,-75.816,-74.855,-70.381,-69.154,-65.351,-66.579,-82.571,-67.581,-67.186,-66.056,-78.023,-63.595,-64.27,-64.043,-65.445,-75.872,-67.569,-94.876,-77.805,-80.392,-82.921,-86.464,-91.553,-68.93,-76.887
-53.098,-53.371,-53.523,-54.39,-55.038,-55.758,-57.116,-58.808,-62.591,-66.183,-60.983,-78.827,-87.969,-87.966,-72.412,-65.342,-88.597,-80.113,-80.626,-80.887,-66.469,-68.191,-57.85,-71.202,-80.331,-91.35,-80.047,-80.87,-86.819,-62.445,-64.653,-62.25,-62.881,-58.733,-59.083,-65.848,-63.748,-75.197,-66.853,-67.233,-65.628,-65.554,-71.91,-68.545,-73.599,-76.122,-78.53,-72.99,-78.408,-64.29,-69.537,-70.985,-74.007,-70.338,-69.794,-66.504,-65.75,-67.484,-75.976,-67.852,-78.552,-75.857,-75.439,-78.537,-75.818,-85.5,-66.587,-82.471
-53.385,-53.692,-54.619,-54.799,-54.987,-56.377,-57.27,-58.545,-61.102,-61.038,-60.623,-63.113,-92.934,-71.212,-68.019,-72.582,-80.216,-85.373,-79.481,-77.218,-70.526,-82.157,-69.496,-58.407,-60.158,-71.814,-70.236,-83.505,-71.169,-72.323,-65.246,-67.749,-63.231,-60.807,-61.184,-60.236,-62.872,-65.139,-69.111,-69.679,-70.928,-64.329,-65.103,-65.557,-72.848,-77.359,-83.5,-Inf,-72.602,-71.678,-68.254,-66.59,-72.295,-Inf,-Inf,-72.205,-67.083,-65.563,-68.652,-69.654,-70.945,-74.672,-72.028,-73.421,-75.131,-84.231,-65.772,-79.834
